"DISCOUNT","ENDTIME","ITEMEVALTOTALNUM","MAXPRICE","MINPRICE","ORDERS","ORIMAXPRICE","ORIMINPRICE","PHASE","PRODUCTAVERAGESTAR","PRODUCTDETAILURL","PRODUCTID","PRODUCTIMAGE","PRODUCTPOSITIVERATE","PRODUCTTITLE","PROMOTIONID","SELLERID","SHOPURL","STARTTIME","TOTALTRANPRO3"
"92","1628233199","0","US $209.90","US $16.79","1789","US $209.90","US $209.90","1","4.8","//www.aliexpress.com/item/1005001326423575.html?pdp_ext_f=%7B%22sku_id%22:%2212000022635344648%22,%22ship_from%22:%22%22%7D&gps-id=5547572&scm=1007.19201.130907.0&scm_id=1007.19201.130907.0&scm-url=1007.19201.130907.0&pvid=964f7229-0837-4497-bd04-e2866a648ce4","1005001326423575","//ae01.alicdn.com/kf/H24d868092c8540e19f262ed39ffc104cM.jpg_350x350.jpg","0.0","WWOOR 2021 New Men Watches Top Brand Luxury Gold Stainless Steel Quartz Watch Men Waterproof Sport Chronograph Relogio Masculino","1910491278","220038403","//www.aliexpress.com/store/536658?t_activity=1&t_cache=1&gps-id=5547572&scm=1007.19201.130907.0&scm_id=1007.19201.130907.0&scm-url=1007.19201.130907.0&pvid=964f7229-0837-4497-bd04-e2866a648ce4","1628060400","1789"
"91","1628233199","0","US $249.90","US $22.49","2967","US $249.90","US $249.90","1","4.9","//www.aliexpress.com/item/4000523005156.html?pdp_ext_f=%7B%22sku_id%22:%2212000016321212900%22,%22ship_from%22:%22ES%22%7D&gps-id=5547572&scm=1007.19201.130907.0&scm_id=1007.19201.130907.0&scm-url=1007.19201.130907.0&pvid=964f7229-0837-4497-bd04-e2866a648ce4","4000523005156","//ae01.alicdn.com/kf/H769d32ca68824786b7b2a9c78845e1bbT.jpg_350x350.jpg","0.0","NAVIFORCE Men Watch Top Luxury Brand Big Dial Sport Watches Mens Chronograph Quartz Wristwatch Date Male Clock Relogio Masculino","1910491278","229806002","//www.aliexpress.com/store/2795078?t_activity=1&t_cache=1&gps-id=5547572&scm=1007.19201.130907.0&scm_id=1007.19201.130907.0&scm-url=1007.19201.130907.0&pvid=964f7229-0837-4497-bd04-e2866a648ce4","1628060400","2967"
"91","1628492399","0","US $289.90","US $26.09","401","US $289.90","US $289.90","1","4.7","//www.aliexpress.com/item/1005001894643503.html?pdp_ext_f=%7B%22sku_id%22:%2212000018039920768%22,%22ship_from%22:%22ES%22%7D&gps-id=5547572&scm=1007.19201.130907.0&scm_id=1007.19201.130907.0&scm-url=1007.19201.130907.0&pvid=964f7229-0837-4497-bd04-e2866a648ce4","1005001894643503","//ae01.alicdn.com/kf/H9a39fb4d856a45b9a1f5cd104a0c3d22M.jpg_350x350.jpg","0.0","2020 LIGE Watch Men Automatic Mechanical Tourbillon Clock Fashion Sapphire Glass 316L Steel 100 Waterproof Watches men's wrist","1910491667","234648111","//www.aliexpress.com/store/4663062?t_activity=1&t_cache=1&gps-id=5547572&scm=1007.19201.130907.0&scm_id=1007.19201.130907.0&scm-url=1007.19201.130907.0&pvid=964f7229-0837-4497-bd04-e2866a648ce4","1627887600","401"
"91","1628492399","0","US $439.90","US $39.59","337","US $439.90","US $439.90","1","4.7","//www.aliexpress.com/item/1005001332514866.html?pdp_ext_f=%7B%22sku_id%22:%2212000021228886459%22,%22ship_from%22:%22CN%22%7D&gps-id=5547572&scm=1007.19201.130907.0&scm_id=1007.19201.130907.0&scm-url=1007.19201.130907.0&pvid=964f7229-0837-4497-bd04-e2866a648ce4","1005001332514866","//ae01.alicdn.com/kf/H19b1ebb9e389451dac8239fb72515cd7c.jpg_350x350.jpg","0.0","WISHDOIT Swiss Watch Men's Mechanical Automatic Hollow Watch Large Dial Waterproof Luminous 2021 New Men's Fashion Watch Luxury","1910491667","243975425","//www.aliexpress.com/store/910331174?t_activity=1&t_cache=1&gps-id=5547572&scm=1007.19201.130907.0&scm_id=1007.19201.130907.0&scm-url=1007.19201.130907.0&pvid=964f7229-0837-4497-bd04-e2866a648ce4","1627887600","337"
"88","1628492399","0","US $306.00","US $36.72","780","US $306.00","US $306.00","1","4.8","//www.aliexpress.com/item/1005001430125406.html?pdp_ext_f=%7B%22sku_id%22:%2212000018006359179%22,%22ship_from%22:%22RU%22%7D&gps-id=5547572&scm=1007.19201.130907.0&scm_id=1007.19201.130907.0&scm-url=1007.19201.130907.0&pvid=964f7229-0837-4497-bd04-e2866a648ce4","1005001430125406","//ae01.alicdn.com/kf/H46259784863840428d8fa49cfee62e8a8.jpg_350x350.jpg","0.0","Large Backpack 50L Capacity Men Army Military Tactical Waterproof Outdoor Sport Hiking Camping Travel 3D Rucksack Bags For Men","1910491667","242310985","//www.aliexpress.com/store/5832103?t_activity=1&t_cache=1&gps-id=5547572&scm=1007.19201.130907.0&scm_id=1007.19201.130907.0&scm-url=1007.19201.130907.0&pvid=964f7229-0837-4497-bd04-e2866a648ce4","1627887600","780"
"84","1628492399","0","US $79.93","US $12.79","33","US $79.93","US $79.93","1","5.0","//www.aliexpress.com/item/1005001839994006.html?pdp_ext_f=%7B%22sku_id%22:%2212000017809148541%22,%22ship_from%22:%22CN%22%7D&gps-id=5547572&scm=1007.19201.130907.0&scm_id=1007.19201.130907.0&scm-url=1007.19201.130907.0&pvid=964f7229-0837-4497-bd04-e2866a648ce4","1005001839994006","//ae01.alicdn.com/kf/H20b50dfae83e4d1fa354899cda0b8aefi.jpg_350x350.jpg","0.0","Japanese Kitchen Knife Set Cleaver Cooking Knife  4Cr13 Stainless Steel Chef Slicing Knives Laser Damascus Vein Cooking Knives","1910413373","248368476","//www.aliexpress.com/store/911139293?t_activity=1&t_cache=1&gps-id=5547572&scm=1007.19201.130907.0&scm_id=1007.19201.130907.0&scm-url=1007.19201.130907.0&pvid=964f7229-0837-4497-bd04-e2866a648ce4","1627887600","33"
"87","1628492399","0","US $34.00","US $4.42","183","US $34.00","US $34.00","1","4.9","//www.aliexpress.com/item/32625085201.html?pdp_ext_f=%7B%22sku_id%22:%2210000000079923159%22,%22ship_from%22:%22CN%22%7D&gps-id=5547572&scm=1007.19201.130907.0&scm_id=1007.19201.130907.0&scm-url=1007.19201.130907.0&pvid=964f7229-0837-4497-bd04-e2866a648ce4","32625085201","//ae01.alicdn.com/kf/HTB1xW2LTSrqK1RjSZK9q6xyypXak.jpg_350x350.jpg","0.0","YIKALAISI Natural Freshwater Drop Pearl Ring Jewelry 4-5mm Flower Adjustable Rings For Women White Pink Multi Black color","1910491667","222084849","//www.aliexpress.com/store/2060077?t_activity=1&t_cache=1&gps-id=5547572&scm=1007.19201.130907.0&scm_id=1007.19201.130907.0&scm-url=1007.19201.130907.0&pvid=964f7229-0837-4497-bd04-e2866a648ce4","1627887600","183"
"87","1628492399","0","US $93.20","US $12.12","281","US $93.20","US $93.20","1","4.8","//www.aliexpress.com/item/4000960634941.html?pdp_ext_f=%7B%22sku_id%22:%2212000020564195209%22,%22ship_from%22:%22%22%7D&gps-id=5547572&scm=1007.19201.130907.0&scm_id=1007.19201.130907.0&scm-url=1007.19201.130907.0&pvid=964f7229-0837-4497-bd04-e2866a648ce4","4000960634941","//ae01.alicdn.com/kf/H0e5e35958e9842898d6e77b68a6a3601p.jpg_350x350.jpg","0.0","Miyouj Quality High Waist Bikinis Female String Biquini Fashion Swimsuit Women'S Beach Swim Swimwear Bandeau Push Up Bikini Set","1910491667","231829729","//www.aliexpress.com/store/3622095?t_activity=1&t_cache=1&gps-id=5547572&scm=1007.19201.130907.0&scm_id=1007.19201.130907.0&scm-url=1007.19201.130907.0&pvid=964f7229-0837-4497-bd04-e2866a648ce4","1627887600","281"
"34","1628319599","0","US $78.69","US $51.94","1314","US $78.69","US $78.69","1","4.8","//www.aliexpress.com/item/32954602497.html?pdp_ext_f=%7B%22sku_id%22:%2212000023424273703%22,%22ship_from%22:%22US%22%7D&gps-id=5547572&scm=1007.19201.130907.0&scm_id=1007.19201.130907.0&scm-url=1007.19201.130907.0&pvid=964f7229-0837-4497-bd04-e2866a648ce4","32954602497","//ae01.alicdn.com/kf/Heb930129020841d1b5a82099be307646f.jpg_350x350.jpg","0.0","QUEEN BEAUTY 13x4 613 Blonde Brazilian Straight Human Hair Bob Wigs 6 - 18 Inch Remy Ombre Bob Lace Front Wigs for Black Women","1910467685","201111998","//www.aliexpress.com/store/610474?t_activity=1&t_cache=1&gps-id=5547572&scm=1007.19201.130907.0&scm_id=1007.19201.130907.0&scm-url=1007.19201.130907.0&pvid=964f7229-0837-4497-bd04-e2866a648ce4","1628146800","1314"
"78","1628492399","0","US $29.20","US $6.42","4019","US $29.20","US $29.20","1","4.7","//www.aliexpress.com/item/4000683620916.html?pdp_ext_f=%7B%22sku_id%22:%2212000023240472992%22,%22ship_from%22:%22ES%22%7D&gps-id=5547572&scm=1007.19201.130907.0&scm_id=1007.19201.130907.0&scm-url=1007.19201.130907.0&pvid=964f7229-0837-4497-bd04-e2866a648ce4","4000683620916","//ae01.alicdn.com/kf/H6a4b922643dd4cb6bdb0cff35e9e2909M.jpg_350x350.jpg","0.0","Orthopedic Memory Foam Pillow 60x35cm Slow Rebound Soft Memory Slepping Pillows Butterfly Shaped Relax The Cervical For Adult","1910413373","239206356","//www.aliexpress.com/store/5248148?t_activity=1&t_cache=1&gps-id=5547572&scm=1007.19201.130907.0&scm_id=1007.19201.130907.0&scm-url=1007.19201.130907.0&pvid=964f7229-0837-4497-bd04-e2866a648ce4","1627887600","4019"
"82","1628233199","0","US $114.95","US $20.69","786","US $114.95","US $114.95","1","4.9","//www.aliexpress.com/item/1005001922775555.html?pdp_ext_f=%7B%22sku_id%22:%2212000018121583696%22,%22ship_from%22:%22CN%22%7D&gps-id=5547572&scm=1007.19201.130907.0&scm_id=1007.19201.130907.0&scm-url=1007.19201.130907.0&pvid=964f7229-0837-4497-bd04-e2866a648ce4","1005001922775555","//ae01.alicdn.com/kf/Hfb1dd7d84fbe4f2691f816b5d1e0f8d5W.jpg_350x350.jpg","0.0","MISSFOX Women's Watches Snake Shape Luxury Wrist Watch For Women Steel Unique Gold Quartz Ladies Watch Clock Relogio Feminino","1910491278","229890389","//www.aliexpress.com/store/2780176?t_activity=1&t_cache=1&gps-id=5547572&scm=1007.19201.130907.0&scm_id=1007.19201.130907.0&scm-url=1007.19201.130907.0&pvid=964f7229-0837-4497-bd04-e2866a648ce4","1628060400","786"
"83","1628492399","0","US $84.15","US $14.31","137","US $84.15","US $84.15","1","5.0","//www.aliexpress.com/item/1005002970994639.html?pdp_ext_f=%7B%22sku_id%22:%2212000023016557481%22,%22ship_from%22:%22CN%22%7D&gps-id=5547572&scm=1007.19201.130907.0&scm_id=1007.19201.130907.0&scm-url=1007.19201.130907.0&pvid=964f7229-0837-4497-bd04-e2866a648ce4","1005002970994639","//ae01.alicdn.com/kf/H0dcc8a0b5ee34f98b62d68071c2be0cbd.jpg_350x350.jpg","0.0","LIGE New Smart Watch Fitness Color Screen Smart Sport Bracelet Activity Running Tracker Heart Rate For Men Women smartwatch+Box","1910608874","240486054","//aliexpress.ru/store/910932035?t_activity=1&t_cache=1&gps-id=5547572&scm=1007.19201.130907.0&scm_id=1007.19201.130907.0&scm-url=1007.19201.130907.0&pvid=964f7229-0837-4497-bd04-e2866a648ce4","1627887600","137"
